Document First Event;Date Document Release;Date Last Amendment
Law passed;25/12/2008;
Law passed;25/12/2013;
Law passed;25/12/2007;
Law passed;25/12/2011;
Law passed;25/12/2009;
Law passed;25/12/2014;
Law passed;01/08/2016;
Law passed;25/12/2012;
Law passed;25/12/2015;
Approved;01/01/2014;
Approved;01/01/2015;
Approved;01/01/2017;
Passed;23/11/2011;
Approved;01/01/2015;
Law passed;25/12/2003;
Law passed;25/12/2013;
Law passed;20/02/2017;
Law passed;02/02/2014;
Law passed;28/04/2013;
Law passed;08/12/2011;
Law passed;01/02/2011;
Law passed;27/01/2011;
Law passed;21/10/2010;
Law passed;15/04/2006;
Law passed;26/09/2005;
Law passed;26/12/2005;
Law passed;29/12/2004;
Law passed;14/08/2004;
Law passed;25/03/2004;
Law passed;28/07/1999;
Law passed;10/10/2013;
Law passed;19/12/2012;
Law passed;16/03/2011;
Law passed;11/02/2015;
Law passed;18/11/2015;
Law passed;24/10/2012;
Law passed;18/11/2010;
Law passed;16/12/2010;
Law passed;13/01/2014;11/04/2018
Law passed;14/06/2013;
Law passed;15/03/2013;
Law passed;17/08/2012;
Law passed;01/02/2012;
Law passed;23/04/2010;
Law passed;05/06/2008;
Law passed;25/12/2011;
Law passed;25/12/2012;
Law passed;25/02/2014;
Law passed;01/02/2016;
Law passed;03/02/2016;
Law passed;13/06/2017;
Law passed;14/02/2018;
Law passed;03/10/2014;
Law passed;03/10/2014;
Law passed;23/12/2009;
Law passed;29/12/2009;
Law passed;14/12/2015;
Law passed;25/12/2018;
Decision issued;11/05/2017;
Law passed;24/09/2015;
Law passed;23/04/2015;
Law passed;01/08/2011;
Law passed;25/12/2012;
Law passed;01/09/2015;
Law passed;21/05/1957;
Law passed;31/12/2010;
Law passed;21/12/2007;
Law passed;12/05/2006;01/01/2010
Law passed;25/08/2006;
Law passed;05/09/2005;
Law passed;19/10/1998;
Law passed;02/01/2007;15/10/2015
Law passed;15/10/2015;
Law passed;28/10/2010;
Law passed;25/07/2016;
Law passed;27/12/2017;
Law passed;15/01/1999;
Law passed;12/06/2018;
Law passed;25/12/2016;
Law passed;25/12/2009;
Law passed;25/12/1999;
Law passed;10/07/2019;
Law published;18/12/2019;
Law passed;20/08/2005;
Law passed;25/12/2007;
Law passed;25/12/2014;
Law passed;23/06/2005;
Law passed;04/11/2010;
Law passed;30/10/2008;
Law passed;01/11/1991;03/10/2011
Law passed;09/11/2004;
Law passed;13/12/2014;
Law passed;21/09/2012;
Law passed;22/07/2012;01/05/2020
Law passed;15/09/2011;
Law passed;29/11/2011;
Law passed;01/07/2010;
Law passed;29/03/2006;01/07/2008
Law passed;01/07/2008;29/09/2017
Law passed;02/12/2015;
Law passed;04/12/2015;
Law passed;21/12/2000;01/03/2016
Law passed;05/07/2010;01/09/2016
Law passed;07/12/2009;
Law passed;25/02/2019;
Law passed;09/06/2009;
Law passed;25/12/2015;
Law passed;04/12/2011;23/08/2017
Law passed;28/06/2010;25/12/2017
Law passed;11/08/2014;
Law passed;21/11/2011;25/12/2015
Law passed;29/07/2011;01/06/2017
Law passed;30/12/2011;
Law passed;01/03/2010;
Law passed;06/07/2007;
Law passed;25/12/2007;
Law passed;25/12/2002;25/12/2007
Law passed;16/03/1993;
Released;18/12/2019;
Approved;19/09/2019;01/01/2020
Law passed;25/12/2003;
Law passed;25/12/2008;
Law passed;25/12/2014;
Law passed;25/12/2013;
Law passed;01/07/2010;25/12/2014
Law passed;30/12/2015;
Law passed;01/03/2005;
Law passed;25/12/2013;
Law passed;08/10/2006;
Law passed;01/10/2008;
Law passed;01/05/2013;
Law passed;01/09/2013;
Law passed;10/12/2012;
Law passed;19/09/2012;
Law passed;25/12/2011;
Law passed;25/12/2009;
Law passed;25/12/2010;
Law passed;18/12/2008;
Law passed;24/07/2003;25/12/2010
Approved;01/06/2014;
Approved;27/03/2017;
Approved;01/03/2015;
Approved;01/05/2013;
Law passed;09/01/2014;25/12/2015
Law passed;01/01/2004;
Law passed;24/04/2012;
Law passed;06/04/2009;
Law passed;21/06/2013;
Law passed;08/12/2010;
Law passed;27/12/2010;
Law passed;28/10/2010;
Law passed;01/10/2010;
Law passed;06/08/2009;
Law passed;31/01/2008;
Law passed;17/09/2007;
Law passed;14/06/2007;
Law passed;05/09/2006;
Law passed;04/05/2006;
Law passed;15/07/1998;
Law passed;08/01/2015;
Law passed;15/04/1997;
Law passed;05/05/1998;25/12/2005
Law passed;01/07/2014;
Law passed;17/07/2013;
Law passed;06/12/2010;
Law passed;10/03/2006;
Law passed;27/12/2005;
Law passed;31/01/2003;24/12/2013
Law passed;14/11/2002;
Law passed;29/04/1999;12/05/2019
Law passed;05/05/1997;04/12/2014
Law passed;01/05/2016;
Law passed;29/03/2019;
approved;18/12/2019;
Law passed;26/09/2012;
Law passed;01/03/2009;
Law passed;25/12/2014;
Law passed;25/12/2003;
Law passed;25/12/2016;
Law passed;18/06/2018;
Law passed;26/07/2001;
Law passed;01/09/2009;
Law passed;25/12/2007;
Law passed;27/02/2013;
Law passed;25/12/2014;
Law passed;31/05/2011;
Law passed;01/01/2015;
Approved;01/01/2020;
Approved;08/04/2013;
Approved;01/07/2017;
Approved;01/09/1995;
Approved;01/05/2010;
Published;01/12/2016;
Law passed;14/11/2014;
Law passed;09/11/2012;
Law passed;15/10/2012;
Law passed;01/12/2010;
Law passed;05/03/2008;
Law passed;12/09/1996;
Law passed;09/04/2009;
Law passed;07/02/2009;
Law passed;22/10/1999;
Law passed;27/09/2016;
Law passed;02/08/2015;02/08/2016
Law passed;29/04/2015;
Law passed;14/11/2014;
Law passed;02/08/2011;
Law passed;04/08/2002;
Law passed;02/08/2016;
Law passed;15/03/2017;
Law passed;01/03/2009;
Law passed;01/03/2017;
Law passed;25/12/2013;
Law passed;10/09/2019;
Law passed;01/08/1996;
Law passed;29/10/2013;
Law passed;29/12/2009;09/12/2010
Law passed;09/12/2009;26/10/2010
Law passed;01/12/2008;
Law passed;25/12/2007;
Law passed;21/11/2007;
Law passed;02/03/2006;
Law passed;03/01/2005;13/03/2016
Law passed;26/04/2002;
Law passed;17/10/2001;
Law passed;18/10/2011;
Law passed;07/07/1999;
Law passed;08/12/2015;
Law passed;11/11/2015;
Law passed;24/07/2000;03/05/2016
Law passed;23/10/2017;
Law passed;26/12/2017;
Decree creating;25/06/2017;11/04/2019
Law passed;13/06/2019;
Law passed;15/03/2018;
Law passed;25/05/2012;03/07/2020
Law passed;23/01/2017;
Law passed;01/06/2013;
Law passed;01/06/2013;
Law passed;01/06/2013;
Law passed;01/06/2013;
Law passed;25/12/2016;
Law passed;22/11/2018;28/11/2019
Decree passed;01/08/2008;05/02/2020
Decree published;28/11/2019;
Decree published;28/11/2019;
Decree published;28/11/2019;
Decree published;05/06/2020;
Passed;15/06/2007;
Approved;25/12/2004;25/10/2020
Law passed;07/03/2013;
Law passed;25/12/2015;
Law passed;25/12/2014;
Law passed;25/12/2012;
Law passed;11/03/2014;
Law passed;08/03/2011;25/07/2014
Law passed;03/05/2011;11/04/2014
Law passed;07/04/2009;
Law passed;14/10/2011;
Law passed;14/11/2008;28/11/2014
Law passed;29/06/2006;28/11/2014
Law passed;09/12/2003;24/07/2015
Law passed;31/03/2001;28/11/2014
Law passed;24/04/1996;28/11/2014
Law passed;01/11/2013;
Approved;24/12/2019;
Law passed;12/05/2014;
Law passed;22/04/2013;
Law passed;21/03/2013;
Law passed;02/04/2013;
Law passed;25/10/2015;
Law passed;01/01/2013;
Law passed;25/12/2012;
Law passed;01/01/2008;
Law passed;20/05/2016;
Law passed;02/06/2014;
Law passed;13/12/2007;
Law passed;25/12/2013;
Law passed;22/12/2011;
Law passed;25/12/2015;
Law passed;25/12/2011;
Law passed;25/12/2011;
Law passed;02/06/2009;
Law passed;22/10/2014;
Law passed;03/02/2012;
Law passed;22/11/2010;
Law passed;03/01/2011;
Law passed;13/06/2014;
Law passed;25/12/2004;
Law passed;16/07/2004;
Law passed;31/10/2013;
Law passed;24/04/2006;
Law passed;14/07/2015;22/07/2020
Law passed;25/12/2010;
Approved;01/01/2004;
Approved;01/01/2013;
Approved;01/01/2015;
Approved;01/05/2014;
Approved;01/01/2014;
Approved;01/06/2016;
Approved;01/01/2015;
Approved;01/01/2020;
Approved;01/01/2016;
Approved;01/01/2014;
Approved;01/07/2014;
Approved;01/01/2015;
Approved;01/04/2014;
Approved;01/03/2014;
Approved;01/08/2015;
Approved;01/01/2013;
Approved;01/03/2013;
Approved;24/12/2015;
Approved;01/08/2017;
Law passed;14/12/2011;
Law passed;13/06/2012;
Law passed;10/12/2009;
Law passed;01/06/2009;
Law passed;01/08/2011;
Law passed;25/12/1992;25/12/2008
Law passed;14/06/2001;
Law passed;31/03/2000;
Law passed;22/02/2013;16/11/2018
Law passed;25/12/2012;30/11/2018
Law passed;23/09/2010;16/11/2018
Law passed;01/09/2010;25/10/2013
Law passed;09/12/2016;
Law passed;21/06/2018;
Last amendment;03/10/2005;
Programme instituted;25/12/2004;
Passed;25/12/2015;16/11/2018
Passed;29/11/2018;01/01/2019
Passed;04/04/2018;01/01/2020
Passed;25/12/2018;01/07/2019
passed;25/12/2018;31/05/2020
Passed;09/06/2017;
Passed;30/03/2012;19/12/2017
Law passed;06/06/2008;
Law passed;17/10/2008;
Law passed;01/07/2017;
Law passed;01/11/2014;
Law passed;06/02/2012;
Law passed;01/12/2014;
Law passed;26/09/2014;
Law passed;01/11/2013;
Law passed;22/03/2012;
Law passed;18/07/2012;
Law passed;19/08/2010;
Law passed;04/12/2008;
Law passed;01/04/2008;
Law passed;04/12/2008;
Law passed;13/03/2004;
Law passed;07/05/2013;
Law passed;26/09/2014;24/02/2020
Law passed;25/12/2017;
Law passed;01/12/2017;
Law passed;05/01/2018;
Law passed;06/10/2008;
Law passed;28/08/2008;
Law passed;12/03/2002;
Law passed;25/12/2008;
Law passed;26/07/2012;
Law passed;14/10/2016;
Law passed;14/12/2005;
Law passed;01/07/2016;
Law passed;02/01/2013;20/07/2017
Law passed;04/12/2017;
Law passed;01/05/2018;
plan passed;01/10/2013;
Law passed;05/11/2014;
Law passed;19/11/2014;
Law passed;01/11/2013;
Law passed;12/03/2011;
Law passed;01/01/2006;26/12/2009
Law passed;16/03/2016;
Law passed;25/12/1987;29/08/2015
Law passed;28/10/2007;
Law passed;20/09/1984;25/12/1998
Law passed;17/05/2014;
Law passed;31/08/2012;
Law passed;02/12/2019;
Law passed;24/04/2012;
Law passed;27/12/2002;
Law passed;03/10/2001;
Law passed;14/07/2011;
Law passed;24/02/2016;
Law passed;26/05/2015;23/03/2018
Law passed;29/12/2016;
Law passed;25/12/2016;01/06/2017
Law passed;30/12/2016;
Law passed;01/01/2015;
Law passed;27/07/2018;
Law passed;10/07/2018;
Law passed;02/08/2018;
Law passed;29/12/2010;
Law passed;24/02/2016;
Law passed;23/11/2016;
Law passed;19/09/2014;
Law passed;16/12/2013;
Law passed;03/11/2011;
Law passed;25/12/2017;
Law passed;25/05/2019;
Law passed;11/10/2004;
Law Passed;28/12/2018;
Approved;31/12/2020;
Law passed;30/11/2014;
Law passed;30/11/2010;
Law passed;12/05/1998;
Law passed;10/04/2003;
Law passed;31/05/2007;
Law passed;30/05/2013;
Law passed;27/02/2015;
Law passed;24/09/2012;
Law passed;01/01/2016;
Law passed;25/12/2016;
Law passed;01/08/2013;
Law passed;25/12/2012;01/06/2016
Law passed;10/11/2013;
Law passed;25/01/2012;
Law passed;17/03/2009;
Law passed;25/12/2008;
Law passed;16/10/1996;
Law passed;13/12/1994;30/06/2010
Law passed;18/10/1990;
Law passed;14/09/2015;
Law passed;07/06/2016;
Law passed;26/09/2017;
Law passed;03/04/2017;
Law passed;01/09/2015;
Law passed;07/08/2017;
Law passed;03/05/2018;
Law passed;14/12/2017;
Law passed;30/05/2018;
Law passed;25/12/2016;
Law passed;20/11/2011;
Law passed;28/05/2018;
Law passed;07/08/2017;
Law passed;07/08/2017;
Law passed;25/05/2018;
Law passed;19/08/2011;
Law passed;23/10/2009;
Plan adopted;25/12/2018;
Law passed;03/10/2007;
Law passed;28/10/2011;
Law passed;14/11/2013;
Law passed;20/02/2009;
Law passed;01/04/2016;
Law passed;19/10/2012;
Law passed;22/05/2009;01/11/2018
Law passed;10/09/2015;
Law passed;17/10/2014;
Law passed;24/06/2003;
Law passed;04/10/2013;
Law passed;09/12/2016;
Law passed;17/11/2005;
Law passed;23/01/2014;
Law passed;10/09/2015;
Decree issued;15/05/2020;
Released;24/12/2019;
Law passed;25/12/2010;
Law passed;22/06/2009;
Law passed;25/12/2007;
Law passed;21/12/1994;19/05/1997
Law passed;25/12/1997;
Law passed;21/04/1994;
Law passed;20/05/1993;
Law passed;01/07/2017;
Law passed;30/04/2017;
Published;25/12/2010;
Law passed;25/12/2013;
approved;01/01/2020;
Law passed;31/01/2012;21/05/2014
Law passed;01/09/2012;
Law passed;01/09/2012;01/06/2014
Law passed;01/01/2001;02/10/2013
Law passed;01/01/2000;21/05/2014
Law passed;22/03/2017;
Law passed;01/10/2015;
Law passed;25/12/1997;
Law passed;28/06/2000;
Adopted;01/11/2019;
Law passed;25/12/2011;
Law passed;24/10/2012;
Law passed;01/12/2011;
Law passed;01/06/2012;
Law passed;01/07/2014;
Law passed;01/07/2015;
Law passed;01/03/2014;
Law passed;25/12/2014;
Law passed;25/12/2014;
Law passed;24/10/2012;
Law passed;10/10/2012;
Law passed;01/10/2011;
Law passed;25/12/2016;
Law passed;03/11/2016;
Law passed;11/02/2014;
Law passed;17/06/2014;
Law passed;26/11/2009;
Law passed;24/12/2011;
Law passed;25/12/2010;
Law passed;11/06/2014;
Law passed;01/08/2013;25/12/2016
Law passed;22/03/2012;
Law passed;25/12/1992;25/12/2011
Law passed;25/12/1991;25/12/2011
Law passed;01/10/2009;25/12/2016
Law passed;25/12/2009;
Law passed;01/10/2009;25/12/2018
Law passed;01/10/2009;25/12/2016
Law passed;25/12/2008;
Law passed;01/01/2007;25/12/2017
Law passed;10/06/2009;
Law passed;06/12/2019;
Law published;24/07/2000;16/06/2010
Law passed;12/06/2009;13/11/2019
Published;01/12/2019;
Law passed;11/10/2009;
Law passed;01/12/2012;
Law passed;25/12/2014;
Law passed;20/01/2014;
Law passed;01/07/2015;
Law passed;11/05/1999;
Law passed;23/07/2006;
Law passed;11/03/2006;
Law passed;25/12/2012;
Law passed;24/11/2016;
Law passed;01/09/2014;
Law passed;25/12/2002;
Law passed;25/12/2014;
Published;11/08/2018;
Law passed;19/12/2018;
Plan published;01/04/2020;
Law passed;01/01/2012;
Law passed;07/08/2012;
Law passed;25/12/2008;
Law passed;07/05/2007;
Law passed;26/07/2001;
Law passed;29/11/2000;
Law passed;25/12/2014;
Law passed;25/12/2016;
Law passed;22/09/2002;
Law passed;02/08/2013;
Promulgated;31/07/2020;
Law passed;10/09/2013;
Law passed;17/02/2013;
Law passed;18/06/2013;
Law passed;14/05/2012;
Law passed;17/09/2012;
Law passed;14/10/2011;
Law passed;20/10/2010;
Law passed;25/12/2012;
Law passed;16/01/2015;
Law passed;12/04/2017;
Law passed;17/07/2009;
Law passed;01/06/2017;
Law passed;19/03/2019;
Plan adopted;02/06/2015;
Plan adopted;01/04/2018;
Approved by cabinet;11/07/2012;
Law passed;01/12/2011;
Law passed;01/02/2008;
Law passed;07/07/2015;
Law passed;12/03/2015;
Law passed;21/12/2014;
Law passed;31/05/2017;
Law passed;22/04/2013;
Law passed;30/05/2012;
Law passed;09/06/2011;
Law passed;09/06/2011;
Law passed;25/12/2010;
Law passed;20/12/2007;
Law passed;31/08/2005;
Law passed;10/03/2008;
Law passed;25/09/2020;
Law passed;24/09/2020;
Law passed;01/10/2015;
Law passed;25/12/1997;
Law passed;25/12/2009;
Law passed;25/12/2007;
Law passed;25/12/2011;
Law passed;02/03/2017;
Approved;19/12/2019;
Law passed;01/09/2003;
Law passed;25/12/1997;
Law passed;25/12/2014;
Law passed;25/12/2015;
Law passed;04/07/2013;
Law passed;01/09/2011;
Law passed;25/12/2010;
Law passed;25/12/2000;
Law passed;25/12/1997;
Law passed;25/12/1997;
Law passed;25/12/1995;25/12/2008
Law passed;25/12/1994;
Law passed;01/05/2016;
Law passed;27/01/2014;
Law passed;14/12/2015;
Law passed;01/07/2013;
Law passed;06/02/2003;
Endorsement by the European Council;28/10/2014;
Law passed;28/05/2014;
Law passed;16/04/2014;
Law passed;08/07/2013;
Law passed;20/12/2013;
Law passed;04/12/2012;05/06/2019
Law passed;11/05/2011;26/02/2014
Law passed;18/06/2010;04/07/2017
Law passed;25/12/2009;
Law passed;25/12/2009;05/04/2014
Law passed;23/04/2009;
Law passed;25/12/2009;25/12/2018
Law passed;25/12/2009;
Law passed;25/12/2005;01/01/2020
Law passed;23/04/2009;
Law passed;23/04/2009;20/06/2019
Law passed;23/04/2009;09/09/2015
Law passed;25/12/2007;06/05/2014
Law passed;31/10/2003;
Law passed;25/12/2004;25/10/2012
Law passed;13/10/2003;14/03/2018
Law passed;16/12/2002;19/05/2010
Law passed;13/12/1999;22/10/2008
Law passed;25/11/2009;
Law passed;25/01/2017;
Law amended;11/01/2018;12/03/2019
Law passed;15/01/2008;
Law passed;20/11/2013;
Law passed;11/12/2013;
Law passed;22/10/2014;
Law passed;30/05/2018;
Directive published;14/12/2016;
Strategy released;08/07/2020;
Document published;11/12/2018;
Published;18/06/2020;
Published;27/11/2019;18/06/2020
Document approved;20/12/2013;
Released;20/07/2016;
Approved;11/12/2018;
Passed;05/06/2019;
Approved;17/04/2019;
Approved;19/11/2020;
Law passed;01/06/2005;
Law passed;25/12/2014;
Law passed;01/08/2017;
Law passed;15/06/1998;
Plan adopted;25/12/2018;
Approved;14/07/2017;
Approved;01/01/2017;
Approved;01/01/2018;
Law passed;01/03/2015;
Law passed;01/09/2013;
Law passed;01/04/2011;
Law passed;01/02/2010;
Law passed;30/06/2010;
Law passed;01/01/2004;
Law passed;10/09/1999;
Law passed;24/11/2016;
Law passed;20/11/2014;
Law passed;28/06/2017;
Law passed;28/06/2013;
Law passed;30/12/2010;23/05/2018
Entry into force;01/07/2020;
Approved;20/12/2019;
Law passed;25/12/2014;
Law passed;25/12/2013;
Law passed;25/12/2012;
Law passed;12/07/2010;
Law passed;03/08/2009;
Law passed;25/12/2007;
Law passed;25/12/2005;
Law passed;17/08/2015;
Law passed;31/12/2017;
Law passed;30/12/2017;03/12/2019
Law passed;26/04/2018;
Law passed;01/06/2018;
Law passed;14/09/2018;
Law passed;23/11/2018;
Law passed;25/12/2018;
law passed;08/11/2019;
Approved;21/12/2015;21/04/2020
Law published;11/02/2020;
Law published;24/12/2019;
Convention set up;02/07/2019;21/06/2020
Plan released;26/05/2020;
Decree published;28/07/2020;
Decree passed;21/04/2020;
Decree passed;18/11/2015;
Approved;01/03/2020;
Plan released;03/09/2020;
Approved;13/03/2020;
Approved;09/06/2020;
Law passed;28/12/2016;02/11/2020
Approved;12/02/2021;
Approved;17/02/2021;
Law passed;01/01/2013;
Law passed;25/12/2012;
Law passed;16/05/2011;
Law passed;29/12/2010;
Law passed;23/04/2010;
Law passed;18/10/2005;
Law passed;01/08/2014;
Law passed;12/12/2013;
Law passed;01/01/2005;
Law passed;01/01/2016;
Law passed;25/12/2007;
Law passed;25/12/2009;
Law passed;25/12/2009;
Law passed;25/12/2016;
Law passed;25/12/2015;
Law passed;03/12/2014;
Law passed;24/08/2012;
Law passed;28/07/2011;
Law passed;28/09/2010;
Law passed;28/09/2010;
Law passed;21/08/2009;
Law passed;01/01/2007;17/09/2009
Law passed;17/12/2008;25/12/2011
Law passed;07/08/2008;25/12/2011
Law passed;25/12/2007;25/12/2008
Law passed;13/07/2005;25/12/2011
Law passed;19/07/2002;25/12/2012
Law passed;25/12/1997;17/05/2012
Law passed;25/12/1976;04/07/2013
Law passed;25/02/2000;08/07/2016
Law passed;04/08/2016;11/02/2017
Law passed;25/12/2016;
Law passed;14/11/2016;
Law passed;01/01/2017;03/06/2020
Law passed;20/12/2019;
Strategy adopted;10/06/2020;
Packaged released;03/06/2020;
Law passed;29/08/2016;
Law passed;03/07/2020;
Law passed;05/06/2015;19/06/2020
Approved;25/12/2019;
Law passed;12/09/2013;
Law passed;15/11/2012;
Law passed;01/12/2011;
Law passed;07/09/2010;
Law passed;25/12/2010;
Law passed;25/12/2006;
Law passed;31/12/1997;
Law passed;11/09/1996;
Law passed;25/12/2004;
Law passed;09/12/2014;
Law passed;22/08/2011;
Law passed;14/10/2010;
Law passed;23/06/2010;
Law passed;04/06/2010;
Law passed;25/02/2010;
Law passed;19/05/2008;
Law passed;27/06/2006;
Law passed;13/12/2005;
Law passed;23/12/2004;
Law passed;05/03/2003;
Law passed;07/10/1994;
Law passed;08/09/2016;
Law passed;01/04/2016;
Law passed;03/12/2019;
Law published;05/05/2020;
Approved;01/12/2019;
Approved;12/09/2020;
Law passed;21/06/2012;
Law passed;02/03/2011;
Law passed;01/11/2011;
Law passed;06/10/2011;
Law passed;25/12/2007;
Published;25/12/2019;
Published;01/11/2017;
Law passed;05/09/2013;
Law passed;25/12/2013;
Law passed;07/07/2011;
Law passed;01/09/2010;
Law passed;09/12/2009;
Law passed;09/12/2009;
Law passed;10/11/2003;
Law passed;01/10/2016;
Law passed;18/09/1998;
Law passed;04/10/2004;
Law passed;12/12/2017;
Law passed;09/08/2011;
Law passed;02/03/2011;
Law passed;25/12/2009;
Law passed;25/12/2009;25/12/2013
Law passed;28/03/2017;
Law passed;01/11/2006;
Law passed;08/07/2019;
Law passed;29/06/2007;
Law passed;30/06/2010;
Law passed;10/11/2014;
Law passed;25/11/1998;
Law passed;31/07/2003;
Law passed;27/01/2011;
Law passed;01/01/2015;
Law passed;25/12/2010;
Law passed;28/12/2007;
Law passed;15/04/2011;
Law passed;25/03/2011;
Law passed;01/12/2010;
Law passed;28/12/2010;
Law passed;30/04/2008;
Law passed;25/12/2008;
Law passed;20/03/2008;25/12/2017
entry into force;08/06/2015;
Law passed;25/12/1996;25/12/2013
Law passed;25/12/2011;25/12/2013
Law passed;25/12/2011;25/12/2014
Law passed;25/12/1999;
Law passed;03/06/2020;
Plan approved;04/06/2020;
Approved;25/12/2019;
Law passed;29/06/2012;
Law passed;04/01/2013;
Law passed;23/12/2009;
Law passed;25/12/2009;
Law passed;16/04/2008;
Law passed;05/04/2013;
Law passed;12/06/2008;
Plan adopted;10/09/2018;
Law passed;01/01/2012;01/12/2016
Law passed;22/06/2010;
Law passed;01/12/2009;
Law passed;25/12/2006;
Law passed;25/12/2006;25/12/2016
Law passed;12/02/2005;
Law passed;25/12/2003;25/12/2007
Law passed;14/05/2014;
Law passed;25/12/2001;25/12/2010
Law passed;25/12/2019;
Law passed;26/12/2005;
Policy published;14/03/2014;
Law passed;01/07/2016;12/05/2020
Approved;01/01/2008;
Approved;01/01/2009;
Approved;01/01/2014;
Approved;01/08/2012;
Published;27/11/2020;
Law passed;25/12/2015;
Law passed;01/01/2015;
Law passed;25/12/2014;
Law passed;25/12/2013;
Law passed;25/12/2013;
Law passed;25/12/2012;
Law passed;01/09/2011;
Law passed;25/12/2011;
Law passed;25/12/2011;
Law passed;25/12/2010;
Law passed;25/12/2009;
Law passed;25/12/2009;
Law passed;16/11/2009;
Law passed;25/12/2008;
Law passed;04/07/2008;
Law passed;25/12/2008;
Law passed;25/01/2006;
Law passed;25/12/2006;
Law passed;30/01/2017;28/02/2020
Law passed;08/08/2019;
Passed;01/01/2009;
Approved;01/11/2007;
Approved;13/01/2020;
Passed;10/08/2007;
Approved;01/01/2014;
Passed;01/01/1999;
Passed;01/01/2013;
Approved;01/01/2012;
Approved;01/01/2009;01/01/2013
Approved;01/12/2017;
Approved;01/01/2005;
Approved;01/01/2014;
Law passed;12/06/2013;
Law passed;11/04/2011;
Law passed;08/05/2011;
Law passed;05/01/2010;
Law passed;10/01/2009;25/12/2017
Law passed;22/02/2006;
Law passed;22/01/2001;
Law passed;25/12/2008;
Law passed;25/12/2003;
Law passed;25/12/1991;
Law passed;01/05/2010;
Plan released;16/05/2017;
Law passed;13/12/2009;
Law passed;25/12/2014;
Law passed;01/02/2014;
Law passed;01/01/2013;
Law passed;01/04/2012;
Law passed;09/06/2010;25/12/2012
Law passed;25/12/2009;
Law passed;07/04/2007;25/12/2013
Law passed;01/03/2007;
Law passed;01/05/2002;
Law passed;03/07/2001;25/12/2013
Law passed;11/07/1999;
Law passed;10/12/2015;
Law passed;19/07/2017;
Law passed;01/01/2018;
Law passed;19/01/2018;
Law passed;25/12/2015;
Law passed;22/11/2018;
Law passed;20/05/1963;25/12/2000
Plan issued;17/06/2019;
Document issued;01/07/2016;
Approved;01/08/2020;
Published;23/07/2020;
Law passed;13/01/2013;
Law passed;08/02/2012;
Law passed;01/04/2012;
Law passed;01/01/2011;04/06/2012
Law passed;28/11/2010;
Law passed;01/01/2004;
Law passed;25/12/2004;
Law passed;25/12/1993;
Law passed;25/12/1993;
Law passed;31/12/1989;14/03/2011
Law passed;10/04/2016;
Law passed;11/03/2011;
Law passed;02/01/2004;
Law passed;25/12/2004;
Law passed;25/12/2004;
Law passed;25/12/1993;
Law passed;25/12/2016;
Law passed;25/12/1957;
Law passed;25/12/1960;
Law passed;01/09/2016;
Law passed;25/12/2014;
Law passed;20/08/2014;
Law passed;08/03/2013;
Law passed;02/01/2013;
Law passed;25/12/2010;25/12/2018
Law passed;25/03/2010;
Law passed;25/12/2009;
Law passed;03/08/2009;
Law passed;25/12/2008;
Law passed;25/12/2007;
Law passed;25/12/2010;29/12/2017
Law passed;19/02/2007;
Law passed;25/12/2005;
Law passed;25/12/2005;
Law passed;23/08/2004;
Law passed;25/12/2002;
Law passed;25/12/2002;
Law passed;28/12/2000;
Law passed;24/04/2001;25/12/2007
Law passed;25/12/2000;
Law passed;16/06/2015;
Law passed;30/06/2016;04/07/2019
Law passed;02/03/2018;
Law passed;24/02/1992;27/12/2013
Law passed;14/10/2019;
Law passed;05/03/2019;
passed;12/05/2020;19/05/2020
decree passed;15/09/2019;
Law passed;28/12/2015;
Programme approved;20/07/2016;
Approved;01/12/2019;
Law passed;25/12/2010;
Law passed;01/05/2009;
Law passed;25/12/2002;25/12/2006
Law passed;01/09/2015;
Approved;19/02/2020;
Law passed;31/03/2012;
Law passed;26/08/2011;01/04/2022
Law passed;28/08/2012;04/12/2012
Law passed;01/05/2007;
Law passed;09/10/1998;01/05/2016
Law passed;23/06/1997;13/06/2014
Law passed;14/05/1980;25/12/2014
Law passed;25/12/1979;28/11/2014
Law passed;14/06/2002;
Law passed;13/05/2016;
Law passed;01/04/2014;
Law passed;27/11/2015;
Law passed;01/04/2015;
Law passed;01/05/2014;
Law passed;27/07/2015;
Law passed;01/06/2018;
Law passed;01/08/2015;
Law passed;01/11/2015;
Law passed;17/04/2018;
Law passed;18/10/1947;25/12/1984
Law passed;18/09/1948;
Law passed;15/11/1961;25/12/1997
Law passed;01/06/1982;29/05/2020
Law passed;14/12/2018;
Law passed;11/12/2013;
Promulgation;07/12/2018;01/04/2019
Law passed;01/05/2013;
Law passed;25/12/2012;
Law passed;25/12/2003;
Law passed;01/09/2011;
Law passed;05/07/2009;
Law passed;09/01/2007;03/12/2011
Law passed;14/11/2006;
Law passed;09/07/2004;
Law passed;25/08/2003;
Law passed;28/04/2016;
Law passed;05/07/1996;
Law passed;07/05/1997;
Law passed;15/10/1993;
Law passed;14/01/2016;
Law passed;25/12/2013;
Law passed;08/02/2013;
Law passed;01/02/2009;
Law passed;25/12/2009;
Law passed;25/12/2006;25/04/2012
Law passed;06/05/2016;
Law passed;16/05/2018;
Law passed;21/04/2016;
Law passed;30/08/2011;
Law passed;12/06/2018;
Law passed;25/12/2009;
Law passed;25/12/2017;
Law passed;01/12/2016;
Law passed;01/01/2016;
Law passed;25/12/2014;01/01/2019
Law passed;19/04/2013;
Law passed;25/12/2012;
Law passed;25/12/2009;
Law passed;01/06/2018;
Law passed;01/11/2008;
Law passed;01/03/2010;
Law passed;12/10/2019;
Law passed;24/01/1994;
Law passed;11/05/2016;
Law passed;05/11/2013;
Published;25/12/2016;
Law passed;12/07/2012;
Law passed;20/12/1995;
Law passed;09/04/1986;
Law passed;11/04/2007;
Law passed;29/05/2013;
Law passed;25/12/2014;
Law passed;04/07/1995;04/07/1996
Law passed;25/12/1983;25/12/2014
Law passed;03/03/2007;
Law passed;25/12/2013;
Law passed;25/12/2015;
Law passed;31/12/2008;
Law passed;27/06/2011;
Law passed;07/07/1998;
Law passed;25/12/2015;
Law passed;12/03/2010;
Law passed;01/01/2013;
Law passed;25/12/2005;
Law passed;25/12/2011;
Law passed;01/06/2016;
Law passed;20/12/2012;
Law passed;25/12/2010;
Document released;05/12/2019;
Approved;01/01/2020;
Law passed;25/12/2015;
Law passed;01/03/2016;
Law passed;01/11/2016;
Law passed;01/11/2014;
Law passed;25/12/2005;
Law passed;07/07/2005;
Law passed;25/12/2008;
Law passed;25/12/2008;
Law passed;25/12/2012;
Approved;01/06/2018;
Law passed;26/11/2002;
Law passed;06/01/2012;
Law passed;01/05/2009;
Law passed;25/12/2012;
Law passed;25/12/2008;
Law passed;16/08/2018;
Law passed;01/10/2012;
Law passed;26/11/2002;
Law passed;01/09/2012;
Law passed;25/12/2007;
Law passed;06/09/2013;
Law passed;29/10/2013;
Law passed;19/09/2012;
Law passed;18/12/2003;
Law passed;24/04/2008;
Law passed;25/12/2007;
Law passed;25/12/2012;
Law passed;25/12/2012;
Approved;25/12/2019;
Law passed;23/12/2016;
Law passed;13/09/2012;
Law passed;19/06/2015;
Law passed;19/06/2015;
Law passed;27/08/2012;
Law passed;15/12/2017;
Law passed;27/06/2016;
Law passed;31/05/1999;
Law passed;01/04/2006;
Law passed;17/02/2012;
Law passed;12/05/2017;
Law passed;20/04/2018;
Plan adopted;01/06/2018;
Plan announced;27/05/2020;
Approved;25/12/2019;
Document released;31/08/2020;
Law passed;25/12/2013;
Law passed;25/12/2011;
Law passed;20/08/2003;
Law passed;22/05/2015;
Law passed;03/02/2014;
Law passed;22/11/2017;
Law passed;04/12/2015;
Law passed;26/08/2015;
Law passed;02/08/2013;
Law passed;25/12/2016;
Law passed;19/03/2004;
Law passed;19/03/2004;
Law passed;25/12/2012;
Law passed;25/12/2012;
Law passed;23/08/2016;
Law passed;25/04/2014;
Law passed;16/03/1992;
Law passed;30/04/2017;
Law passed;01/09/2017;
Law passed;25/12/2015;
Law passed;25/12/2005;
Law passed;25/12/2011;
Law passed;25/12/2011;
Law passed;25/12/2012;
Law passed;25/12/2007;01/11/2012
Law passed;25/12/2010;
Law passed;16/05/2015;
Law passed;01/02/1985;
Law passed;25/12/2006;
Law passed;25/12/2009;
Law passed;25/12/2008;
Law passed;01/08/2015;
Law passed;25/12/2010;
Law passed;03/03/2007;
Law passed;14/10/2017;
Approved;01/01/1999;
Law passed;06/09/2001;
Law passed;11/03/2011;
Law passed;07/06/2013;
Law passed;15/01/2016;
Law passed;29/01/2016;
Law passed;26/07/2016;
Law passed;19/09/2014;
Law passed;01/06/2008;
Law passed;25/02/2016;
Law passed;01/10/2014;
Law passed;25/12/2011;
Law passed;25/12/2005;25/12/2013
Law passed;25/12/2009;
Law passed;25/12/2006;
Law passed;25/12/1982;
Law passed;15/01/2016;
Law passed;24/10/2017;
Law passed;08/08/2017;
Law passed;25/02/2016;
Law passed;31/01/2014;
Law passed;07/03/2014;
Law passed;20/06/2016;
Law passed;07/06/2013;
Law passed;31/01/2014;
Law passed;19/05/2016;
Law passed;25/12/2010;
Law passed;12/05/2019;
Law passed;07/07/2015;
Law passed;25/12/2014;
Law passed;01/09/2009;
Law passed;01/07/2012;
Law passed;30/04/2009;
Law passed;01/02/2012;
Law passed;14/08/2014;
Approved;01/12/2019;
Law passed;01/04/2016;
Law passed;01/01/2011;
Law passed;25/12/2014;
Law passed;24/09/2018;
Law passed;25/12/2014;
Law passed;15/11/2010;
Law passed;21/12/2010;
Law passed;26/07/2000;
Law passed;29/04/2011;
Law passed;25/12/2007;
Law passed;01/10/2009;
Law passed;02/10/2015;
Law passed;16/04/2016;
Law passed;01/08/2019;
Law passed;25/12/2013;
Law passed;25/12/2007;
Law passed;06/06/2012;13/07/2018
Law passed;01/02/2008;
Law passed;25/12/2009;
Law passed;25/12/1980;25/12/2013
Law passed;24/12/2015;25/12/2017
Law passed;02/12/2016;07/02/2020
Law passed;11/08/2014;
Law passed;29/12/1976;11/08/2014
Law passed;05/06/2018;09/12/2020
Law passed;28/01/1988;05/06/2018
Law passed;28/04/2014;
Law passed;05/08/2019;
Document officially released;08/07/2020;
Plan approved;12/07/2019;
Decree published;07/07/2020;
Approved;16/10/2020;
Law passed;01/11/2013;
Law passed;01/06/2013;
Law passed;25/12/2012;
Law passed;25/12/2015;
Law passed;18/11/2011;
Law passed;25/12/2014;
Law passed;25/12/2001;
Law passed;18/05/2015;
Law passed;11/07/2014;
Law passed;13/07/2000;
Law passed;12/12/2017;
Law passed;25/12/2011;
Law passed;25/12/2014;
Law passed;17/05/2012;
Law passed;17/05/2012;
Law passed;25/12/2012;
First phase approved;02/02/2011;
Law passed;11/01/2007;
Law passed;25/12/2005;
Law passed;25/12/2009;
Law passed;25/12/2002;25/12/2012
Law passed;25/12/2007;
Law passed;25/12/2016;
Law passed;05/02/2016;
Law passed;24/04/2008;
Law passed;25/12/2007;
Law passed;25/12/2015;
Law passed;25/12/2016;
Passed;29/12/2015;14/08/2020
Passed;25/12/2010;04/04/2019
Law passed;25/12/2009;
Law passed;25/12/2009;
Law passed;25/12/2010;06/10/2016
Law passed;25/12/2013;
Law passed;25/12/2009;
Law passed;25/12/2015;
Law passed;11/02/2010;21/04/2011
Law passed;01/08/2014;01/10/2017
Law passed;22/02/2018;
Law passed;10/08/2016;
Law passed;07/12/2017;
Law passed;07/07/2016;
Law passed;12/05/2003;
Law passed;14/03/2019;
Decree published;07/05/2020;
Law passed;25/12/2014;
Law passed;25/12/2010;
Law passed;25/12/2013;
Law passed;25/12/2010;
Law passed;25/12/2011;
Law passed;25/12/2011;
Law passed;21/05/2009;
Law passed;04/06/2009;
Law passed;25/12/2004;
Law passed;31/12/2009;
Law passed;03/08/1995;
Decree passed;24/03/2016;
Law passed;31/07/2013;
Law passed;30/03/2012;
Law passed;25/12/2012;25/12/2017
Law passed;03/05/2012;
Law passed;01/08/2009;
Law passed;01/09/2015;
Document passed;10/06/2019;
Approved;19/01/2017;
Approved;01/01/2016;
Approved;01/12/2015;
Passed;01/01/1992;
Passed;27/10/2014;
Approved;01/01/2018;
Approved;01/08/2018;
Law passed;01/09/2010;
Law passed;01/11/2016;
Law passed;01/04/2015;
Law passed;01/05/1998;
Law passed;07/09/2017;
Law passed;25/12/2013;
Law passed;03/09/2012;
Law passed;25/12/2011;
Law passed;25/12/2009;
Law passed;25/12/1998;
Law passed;01/05/2017;
Law passed;25/12/2015;
Law passed;01/05/2009;
Law passed;07/01/2014;01/01/2018
Law passed;01/10/2009;
Approved;26/01/2017;
Law passed;27/02/2012;
Law passed;03/03/2011;
Law passed;25/12/2005;
Law passed;15/10/2001;
Law passed;01/04/2011;
Approved;01/01/2011;
Approved;01/01/2017;
Approved;01/03/2008;
Approved;01/05/2016;
Approved;01/01/2017;
Approved;01/11/2006;
Approved;25/12/2019;
Approved;01/01/2016;
Approved;01/01/2001;
Approved;01/01/2015;
Approved;01/01/2017;
Approved;25/12/2019;
Law passed;01/10/2013;
Law passed;01/01/2012;
Law passed;01/06/2011;
Law passed;01/03/2010;
Law passed;01/11/2007;25/12/2010
Law passed;01/04/2007;
Law passed;01/05/2004;
Law passed;30/06/1998;
Law passed;01/01/1997;01/01/2019
Law passed;30/04/2017;
Law passed;01/03/2017;
Law passed;25/12/2009;25/12/2018
Law passed;27/03/2018;
Law passed;01/12/2016;
law passed;02/07/2019;
Law passed;18/12/2019;
Strategy released;06/04/2020;
Presented to parliament;28/06/2019;
Approved;01/11/2019;
Law passed;25/09/2008;
Law passed;01/09/2007;
Law passed;02/03/2004;
Law passed;17/10/2004;
Law passed;19/05/2004;
Law passed;18/11/2002;22/06/2020
Law passed;15/05/2000;
Law passed;30/05/2019;
Law passed;18/02/2019;
Law passed;01/06/2017;
Law passed;19/04/2019;
Law passed;17/07/2009;
Law passed;25/12/1999;
Law passed;23/01/2013;
Law passed;27/03/1996;13/02/2008
Law passed;17/07/2014;
Law passed;02/03/2004;
Law passed;05/06/1998;
Law passed;01/06/2013;
Law passed;24/10/2002;
Law passed;15/04/2005;07/12/2017
Law passed;11/02/2019;
Document issued;15/12/2017;15/12/2019
Law passed;22/06/2017;
Law passed;23/06/2000;
Law passed;29/12/1998;
Law passed;25/12/1997;
Law passed;01/07/2012;
Law passed;01/10/2013;
Law passed;01/05/2010;
Law passed;24/07/2007;
Law passed;08/12/2015;
Law passed;01/02/2017;
Document Approved;09/07/2018;
Policy approved;01/06/2017;
Policy issued;01/05/2015;
Plan approved;25/06/2020;
Law passed;01/09/2009;
Law passed;01/04/2012;
Law passed;25/12/2015;
Law passed;25/12/2009;
Law passed;25/12/2015;
Law passed;01/12/2000;
Law passed;25/12/2015;
Law passed;25/12/2015;
Law passed;25/12/2004;
Law passed;01/06/2005;
Law passed;01/11/2015;
Law passed;21/05/2018;
Document adopted;24/02/2020;
Law passed;25/12/2013;
Law passed;25/12/2012;
Law passed;24/06/2011;
Law passed;04/06/2010;25/12/2014
Law passed;19/07/2009;25/12/2014
Law passed;27/06/2008;
Law passed;17/12/2004;
Law passed;29/06/1990;
Law passed;11/06/1976;
Law passed;12/10/2017;
Last amendment;11/05/2017;
Law passed;21/12/1990;19/06/2015
Law passed;16/06/2017;
Law passed;05/04/2017;
Law passed;15/08/2014;25/12/2017
Law passed;12/05/1972;25/12/2011
Law passed;25/03/1994;25/12/2019
Law passed;16/06/1989;25/12/2018
Release;08/01/2021;
Law passed;24/01/2011;
Law passed;09/09/2007;
Law passed;25/12/2016;
Law passed;25/12/2013;
Strategy approved;25/12/2019;
Law passed;29/05/2014;
Law passed;01/09/2012;
Law passed;25/12/2010;25/12/2015
Law passed;25/12/2010;
Law passed;25/12/2010;
Law passed;01/05/2010;
Law passed;25/12/2013;
Law passed;01/07/2016;
Approved by Senate;17/03/2017;
Law passed;11/12/2010;
Law passed;26/03/2018;
Programme launched;03/09/2018;
Approved;01/11/2013;
Law passed;01/10/1991;
Law passed;01/10/2009;
Law passed;19/10/2010;25/12/2016
Law passed;25/12/2009;
Law passed;25/12/2015;
Law passed;01/08/2010;
Law passed;05/02/2016;
Law passed;15/12/2011;
Law passed;06/07/1999;
Law passed;25/12/2003;
Law passed;25/12/1995;
Law passed;25/12/2015;
Law passed;25/12/2011;
Law passed;01/11/2016;
Law passed;01/06/1998;
Law passed;09/01/2009;
Law passed;16/02/2007;
Law passed;10/06/2013;
Law passed;12/10/2012;
Law passed;25/04/2011;
Law passed;01/08/2004;
Law passed;20/04/2011;
Law passed;25/03/2015;
Law passed;30/10/2017;
Law passed;03/02/1997;
Approved;28/10/2019;
Released;01/07/2018;
Law passed;04/08/2014;
Law passed;25/12/1996;25/12/2010
Law passed;25/12/2009;
Law passed;01/03/2015;
Law passed;01/01/2014;
Law passed;01/03/2010;
Law passed;20/11/2015;
Law passed;02/05/2018;
Law passed;25/12/2016;
Law passed;25/12/1984;
Law passed;01/11/2017;
Approved;01/01/2015;
Approved;01/11/2012;
Law passed;03/07/2014;
Law passed;30/12/1999;
Law passed;14/09/2015;
Law passed;16/12/2014;
Law passed;07/10/2005;
Law passed;07/09/2007;
Law passed;26/06/2007;
Law passed;09/10/2001;
Law passed;01/07/2012;
Law passed;10/10/2016;
Law passed;16/01/1995;
Law passed;15/09/2017;
Law passed;11/05/2015;
Document released;01/10/2016;
Law passed;30/01/2014;
Law passed;29/06/2014;
Law passed;15/07/2010;
Law passed;28/06/2008;
Law passed;01/05/2008;
Law passed;23/12/2007;
Law passed;15/07/2003;31/03/2005
Law passed;18/11/2002;
Law passed;08/09/2000;23/10/2007
Law passed;07/07/2016;
Law passed;23/09/2015;
Law passed;24/11/2010;
Law passed;21/07/2016;
Law passed;18/04/2018;01/01/2020
Law passed;21/07/2016;
Law passed;24/07/2016;
Law passed;24/11/2014;
Law passed;16/08/2012;
Order 43 approved;23/05/2011;16/05/2017
Law passed;01/11/2011;
Law passed;28/04/2010;
Law passed;27/05/2010;
Law passed;20/10/2010;
Law passed;30/11/2009;
Law passed;27/07/2009;20/01/2010
Approved by President;16/12/2008;
Approved;17/05/2006;24/06/2016
Law passed;27/03/2006;
Law passed;25/03/1998;
Law passed;08/09/1993;
Law passed;12/09/1991;
Law passed;16/04/2010;
Approved;01/01/1991;
Approved;26/02/2009;
Approved;01/01/2016;
Approved;01/12/2011;
Approved;01/12/2013;
Approved;01/01/2016;
Approved;22/06/2015;
Approved;01/01/2017;
Passed;27/07/2015;
Approved;11/09/2020;
Law passed;15/04/2014;
Law passed;29/10/2013;
Law passed;15/04/2011;01/05/2011
Law passed;18/09/2009;
Law passed;03/11/2009;
Law passed;01/11/2009;02/02/2021
Law passed;10/04/1997;01/09/2015
Law passed;25/08/2006;23/07/2013
Law passed;20/02/2015;29/08/2019
Law passed;20/05/2016;29/06/2018
Law passed;08/12/2017;
Plan adopted;16/03/2017;
Law passed;20/12/2019;20/02/2020
Regulation 2189 issued;05/11/2019;23/12/2019
Law passed;14/12/2018;01/05/2020
Approved;25/12/2019;
Signed by president;05/02/2018;
Law passed;10/04/2013;
Law passed;12/03/2012;
Law passed;26/11/2010;
Decree passed;24/12/2010;
Law passed;26/04/2010;11/06/2014
Law passed;23/08/2006;30/07/2015
Law passed;24/03/2006;
Law passed;17/03/2005;
Law passed;12/06/2017;22/08/2019
Law passed;02/02/2018;
Law passed;30/07/2015;
Law passed;20/08/2000;
Law passed;03/07/2006;25/12/2015
Law passed;31/12/2014;
Law passed;03/06/2019;
Decree-Law 33-A/2005 issued;16/02/2005;31/05/2007
Decree passed;14/03/2012;
Decree passed;25/03/2010;30/04/2015
Resolution approved;01/07/2019;
Document approved;30/07/2020;
Document published;06/04/2020;
Approved;01/12/2019;
Law passed;01/07/2008;
Law passed;25/12/2002;
Law passed;04/08/2014;25/12/2016
Law passed;20/11/2014;
Law passed;01/06/2013;
Law passed;15/03/2013;
Law passed;01/12/2013;
Law passed;19/07/2012;27/07/2020
Law passed;17/07/2011;
Law passed;11/11/2011;
Law passed;06/11/2008;25/12/2018
Law passed;01/01/2007;
Law passed;30/12/2005;
Law passed;15/07/2003;
Law passed;23/05/2002;
Law passed;05/10/2016;
Law passed;24/06/2019;
Approved;01/04/2020;
Law passed;15/04/2014;
Law passed;30/09/2013;
Law passed;25/12/2009;
Law passed;25/12/2009;
Law passed;13/11/2009;
Law passed;25/12/2009;
Law passed;25/12/2009;
Law passed;25/12/2003;
Law passed;25/12/2001;
Law passed;11/06/2013;
Plan released;04/01/2020;
Law passed;08/05/2013;
Law passed;01/09/2013;
Law passed;25/06/2012;
Law passed;01/11/2011;
Law passed;30/08/2010;
Law passed;01/05/2005;
Law passed;01/07/2000;
Law passed;27/08/2013;
Approved;01/06/2012;
Plan adopted;01/09/2013;
Law Passed;13/08/2018;
Law passed;01/07/2014;
Law passed;25/04/2011;
Law passed;07/12/2019;
Law passed;01/02/2013;
Law passed;25/12/2005;
Law passed;01/05/2006;
Law passed;31/01/2010;
Law passed;11/04/2019;
Law passed;04/01/2016;
Law passed;03/09/2019;
Law passed;11/01/2013;
Law passed;31/08/2015;
Law passed;19/10/2010;
Law passed;28/01/2011;
Law passed;25/12/2007;
Law passed;01/02/2011;
Law passed;01/06/2007;
Law passed;01/06/2013;
Law passed;25/12/2012;
Law passed;01/12/2016;
Law passed;25/12/2008;
Approved;16/02/2007;
Law passed;07/05/2008;
Law passed;27/06/2013;
Law passed;27/04/2012;
Law passed;25/12/2012;
Law passed;25/12/2014;
Law passed;17/04/2010;
Law passed;25/12/2008;
Law passed;25/04/2016;
Law passed;22/07/2014;
Law passed;17/06/2013;
Law passed;17/05/2013;
Law passed;17/02/2011;
Law passed;22/06/2010;
Law passed;20/12/2010;
Law passed;25/01/2008;
Law passed;15/11/2006;
Law passed;07/03/2003;25/12/2011
Law passed;12/04/2001;
Law passed;07/03/2013;
Law passed;03/03/2012;
Law passed;08/10/2010;
Law passed;10/10/2008;
Law passed;04/05/2015;
Law passed;29/06/2009;
Law passed;25/01/2013;
Law passed;25/12/2014;
Law passed;15/03/2013;
Law passed;25/12/2010;
Law passed;29/12/2011;
Law passed;25/12/2013;
Law passed;01/11/2009;
Law passed;18/12/2012;
Law passed;19/08/2014;
Law passed;16/11/2015;
Law passed;25/12/2012;
Law passed;25/12/2014;
Law passed;19/11/2015;
Law passed;13/09/2012;
Law passed;01/08/2003;
Law passed;25/12/2013;
Law passed;09/09/2019;
Law passed;25/12/2010;
Law passed;25/12/2010;
Law passed;25/12/2015;
Law passed;25/12/2015;
Law passed;08/11/2014;
Law passed;14/06/2012;
Law passed;01/07/2012;31/05/2014
Law passed;01/07/2002;31/03/2003
Law passed;01/04/2001;01/03/2012
Law passed;01/04/2001;01/05/2006
Law passed;12/04/2001;14/02/2008
Law passed;01/05/1989;01/12/2012
Law passed;10/07/2016;
Law passed;11/04/2018;29/02/2020
Law passed;25/12/2017;
Law passed;26/03/2014;
Law passed;15/11/2013;
Law passed;01/09/2013;
Law passed;20/12/2012;01/01/2015
Law passed;18/09/2012;
Law passed;01/09/2012;01/12/2014
Law passed;01/09/2012;01/12/2014
Law passed;01/01/2012;
Law passed;01/09/2011;
Law passed;19/12/2011;
Law passed;01/09/2009;02/01/2015
Law passed;04/11/2008;01/12/2014
Law passed;15/10/2008;
Law passed;21/12/2007;01/12/2014
Law passed;01/09/2006;01/01/2013
Law passed;01/01/2005;01/01/2015
Law passed;10/10/2001;
Approved;01/12/2019;
Law passed;04/04/2006;
Law passed;04/03/2014;
Law passed;28/12/2009;
Law passed;20/11/2007;
Law passed;24/12/2016;
Law passed;25/12/2010;
Law passed;01/12/2016;
Approved;27/02/2020;
Law passed;01/06/2012;
Law passed;20/11/2011;
Law passed;25/12/2014;
Law passed;01/04/2016;
Law passed;01/07/2011;
Law passed;06/09/2019;
Approved;01/01/1989;
Approved by cabinet;18/10/2011;
Law passed;01/09/2010;
Law passed;01/11/2009;01/11/2013
Law passed;25/12/2008;01/04/2012
Law passed;03/04/2017;
Law passed;15/01/2003;
Law passed;11/02/2009;
Law passed;06/01/2019;
Law passed;05/03/2019;
Law passed;11/02/2009;
Law passed;26/06/2014;
Law passed;01/08/2005;
Law passed;29/05/2015;
Approved;17/10/2019;
Plan approved;15/08/2012;15/09/2017
entry into force of enforcement decree;15/11/2012;
Law passed;24/11/2011;
Law passed;01/08/2010;
Entry into force of enforcement decree;14/04/2010;24/05/2016
Law passed;01/02/2010;01/07/2013
Law passed;01/12/2009;01/07/2013
Law passed;01/09/2006;01/07/2011
Law passed;25/12/2004;01/05/2011
Law passed;25/12/2004;01/04/2010
Law passed;25/12/1991;01/04/2010
Law passed;25/12/1990;01/10/2020
Law passed;01/01/1980;01/07/2013
Law passed;06/12/2016;24/07/2018
Law passed;29/12/2017;
Law passed;25/12/2008;25/12/2014
Law passed;18/04/2011;
Law passed;22/06/2015;25/12/2017
Law passed;11/03/2004;27/12/2015
Law passed;01/08/1990;25/12/2017
Law passed;22/02/2012;25/12/2016
Law passed;26/12/2006;27/12/2016
Law passed;25/12/1982;25/12/2011
Law passed;25/03/1994;25/12/2013
Law passed;05/06/2008;25/12/2014
Law passed;05/03/2009;25/12/2014
Law passed;27/01/2005;25/12/2015
Law passed;09/07/2014;25/12/2018
Law passed;25/12/2016;
Law passed;01/09/2015;
Law passed;25/12/2015;
Law passed;20/06/2014;
Law passed;06/06/2014;
Law passed;02/08/2013;
Law passed;03/02/2013;
Law passed;26/06/2013;
Law passed;29/05/2013;
Law passed;05/04/2013;
Original decree;05/04/2013;02/06/2017
Law passed;05/04/2013;
Law passed;26/12/2013;20/12/2014
Law passed;04/03/2011;
Approved by the Council of Ministers;11/11/2011;
Law passed;29/07/2011;26/04/2017
Law passed;30/06/2010;
Law passed;09/07/2010;
Law passed;02/11/2007;
Law passed;15/11/2007;03/07/2014
Law passed;05/07/2002;
Law passed;07/10/1998;17/10/2014
Law passed;09/10/2015;
Law passed;22/10/2016;
Law passed;16/06/2017;
Law passed;06/04/2001;06/10/2017
Law passed;16/02/1998;06/06/2014
Law passed;09/03/2005;25/12/2017
Law passed;30/12/2011;
Law passed;05/10/2018;
Law passed;01/08/2008;
Law passed;22/01/2018;
Law passed;29/03/2014;
Last amendment;25/12/2009;13/12/2013
Law passed;10/06/2017;
Law passed;22/01/2016;
Law passed;22/01/2016;
Law passed;12/11/2016;
Law passed;10/07/2015;
Law passed;05/04/2019;
Decree passed;19/11/2019;
Decree passed;22/11/2019;
Decree passed;23/07/2020;
Approved;20/01/2020;23/09/2020
Plan released;15/06/2020;
Plan adopted;01/09/2020;
Published;03/11/2020;
Published;01/06/2020;
Released;02/06/2020;
Law passed;18/09/2007;
Law passed;25/12/2012;
Law passed;16/11/2010;
Law passed;11/05/2008;
Law passed;31/03/2015;
Law passed;01/09/2019;
Law passed;18/08/2003;
Law passed;13/05/2005;
Law passed;12/11/1964;
Approved;01/01/2014;
Approved;01/01/2016;
Approved;28/12/2010;
Law passed;01/01/1981;30/11/2011
Approved;31/03/2015;
Law passed;11/06/2019;
Law passed;01/01/2015;
Law passed;01/01/2006;
Law passed;01/03/2016;
Law passed;01/02/2013;
Law passed;25/12/2011;01/01/2012
Law passed;01/01/2011;
Law passed;25/12/2010;
Law passed;13/07/2010;
Law passed;30/03/2009;
Law passed;25/12/2009;
Law passed;01/01/1999;
Law passed;14/06/1991;01/11/2013
Law passed;22/06/2017;01/01/2018
Law passed;15/06/2017;
Approved;16/01/2020;
Released;01/07/2020;
Law passed;01/01/2013;25/11/2020
Law passed;01/01/2013;
Law passed;09/04/2014;
Law passed;01/05/2012;
Law passed;01/07/2008;
Federal Heavy Vehicle Fee Act adopted;01/02/2000;01/01/2001
Law passed;01/01/1999;
Law passed;01/01/1993;
Law passed;25/12/2013;
Law passed;25/12/2011;
Law passed;22/02/2009;
Law passed;25/12/2010;
Law passed;04/03/2018;
Law passed;26/01/2017;
Law passed;06/12/2019;
Law passed;08/07/2009;
Law passed;01/07/2015;
Law passed;05/06/2008;
Plan approved;06/11/2017;
Law passed;12/01/2010;
Law passed;02/02/2009;
Law passed;24/04/2008;
Law passed;02/02/2007;
Law passed;06/06/2003;
Law passed;10/05/2002;
Law passed;01/02/1996;
Plan adopted;29/12/2018;
Law passed;25/12/2014;
Law passed;01/06/2012;
Law passed;25/12/2012;
Law passed;25/12/2005;
Law passed;12/10/2019;
Law passed;01/12/2015;
Law passed;01/06/2016;
Law passed;01/10/2013;
Law passed;01/07/2010;
Law passed;01/12/1997;
Law passed;25/12/2018;
Law passed;30/09/2016;
Law passed;11/05/2015;
Law passed;25/12/2010;
Document published;01/12/2013;
Law passed;01/01/2008;
Law passed;27/12/2011;
Law passed;07/07/2007;
Law passed;11/12/2007;
Law passed;03/04/1992;01/06/2008
Law passed;17/09/2015;
Law passed;30/06/2015;
Law passed;13/08/2015;
Law passed;25/12/2015;
Law published;14/07/2016;
Approved;01/01/2017;
Law passed;26/06/2012;
Law passed;13/01/2012;
Law passed;26/07/2007;
Law passed;23/01/2013;
Law passed;03/10/2015;
Law passed;25/12/2011;
Law passed;30/05/2008;
Law passed;23/12/1998;
Law passed;08/06/1999;
Law passed;01/11/2011;
Law passed;01/11/2011;
Law passed;01/07/2010;25/12/2017
Law passed;25/12/2014;
Law passed;25/12/2013;
Law passed;25/12/2012;
Law passed;25/12/2015;
Law passed;25/12/2012;
Law passed;25/12/2013;
Law passed;24/07/2018;
Law passed;25/12/2018;
Law passed;27/08/2010;
Law passed;01/06/2009;25/12/2010
Law passed;01/07/2010;
Law passed;01/02/2016;
Law passed;12/09/2009;
Law passed;17/09/2012;
Approved;01/05/2015;
Law passed;07/11/2019;
Law passed;01/10/2011;
Law passed;01/02/2011;
Law passed;25/12/2006;
Law passed;25/12/2006;
Law passed;25/12/2000;
Law passed;27/01/2014;
Law passed;11/05/2015;
Law passed;26/04/2004;
Law passed;25/12/2007;
Law passed;25/02/2012;
Law passed;02/05/2011;
Law passed;18/04/2007;
Law passed;13/06/2007;
Law passed;18/05/2005;25/12/2010
Law passed;19/06/2005;
Law passed;01/05/2010;
Law passed;14/03/2013;28/07/2020
Law passed;29/06/2011;
Law passed;01/12/2014;
Law passed;02/01/2018;
Law passed;11/11/2019;
Law passed;13/07/1982;
Law passed;20/06/1977;
Law passed;31/05/2012;
Law passed;29/05/2009;
Regulation published;24/06/2016;28/05/2020
Law passed;15/06/2012;
Law passed;25/12/2012;
Law passed;25/12/2012;
Law passed;01/05/2009;
Law passed;18/08/2008;
Law passed;01/01/2007;
Law passed;01/11/2005;
Law passed;01/07/2006;
Law passed;01/01/2016;
Approved;01/01/2012;
Approved;01/01/2016;
Law passed;01/04/2015;
Law passed;25/12/2010;
Law passed;29/03/2007;
Law passed;25/12/1995;
Law passed;15/10/2012;
Law passed;25/12/2007;
Published;07/03/2019;
Law passed;01/03/2006;24/07/2013
Law passed;21/05/2009;
Law passed;16/10/1997;20/11/2012
Law passed;18/08/2005;
Law passed;05/04/2005;07/07/2011
Law passed;20/02/2003;25/09/2008
Law passed;14/01/2000;19/06/2012
Law passed;07/07/1994;05/04/2005
Law passed;08/06/2017;
Law passed;22/06/2017;
Law passed;11/01/2000;25/12/2003
Law passed;08/02/1995;25/12/1999
Law passed;22/05/2019;21/07/2020
Law adopted;12/12/2019;
Law passed;23/12/2018;
Law passed;19/06/2020;
Released;27/10/2020;
Law passed;13/04/2013;
Law passed;25/12/2009;
Law passed;10/01/2017;
Law passed;01/01/2015;
Law passed;01/01/2015;
Law passed;13/06/2017;
Law passed;01/06/2013;19/07/2018
Law passed;01/01/2012;01/04/2013
Law passed;25/12/2011;
Law passed;25/12/2011;25/12/2013
Law passed;01/04/2010;25/12/2014
Law passed;01/04/2010;25/12/2014
Law passed;25/12/2008;26/06/2019
Law passed;25/12/2007;
Law passed;25/12/2006;
Law passed;25/12/2006;
Law passed;25/12/2006;
Law passed;25/12/2002;
Law passed;25/12/2002;
Law passed;25/12/2002;25/12/2008
Law passed;25/12/2002;
Law passed;01/04/2001;01/09/2020
Law passed;25/12/2001;25/12/2018
Law passed;12/05/2016;
Law passed;20/07/2016;
Approved;12/10/2017;
Law passed;08/04/2010;
Strategy published;21/04/2017;
Document released;28/07/2020;
Plan released;08/07/2020;
Approved;12/02/2015;
Approved;02/07/2019;
Law passed;17/02/2009;
Law passed;15/10/2008;
Law passed;18/06/2008;
Law passed;19/12/2007;
Law passed;26/01/2007;
Law passed;08/08/2005;
Law passed;17/12/1963;
Law passed;18/12/2015;
Regulation issued;01/08/2015;01/06/2016
Law passed;08/02/2016;
Law passed;23/09/2014;
Law passed;16/11/1990;
Law passed;23/11/1988;01/08/2016
Law passed;25/12/1972;27/11/2002
Approved;09/02/2018;
Approved;28/12/2020;
Order released;27/01/2021;
Released;20/01/2021;
Law passed;28/11/2008;
Law passed;01/01/2010;
Law passed;30/10/2007;
Law passed;29/05/2002;
Law passed;18/10/2013;
Law passed;22/03/2012;
Law passed;22/02/2012;
Law passed;17/02/2015;
Law passed;20/05/2009;
Law passed;06/06/2016;
Law passed;25/10/2013;
Law passed;09/11/2013;
Law passed;27/12/2010;
Law passed;21/09/2009;
Law passed;18/09/2009;
Law passed;25/12/2010;
Law passed;27/04/2017;
Law passed;27/05/2013;
Law passed;22/08/2009;
Law passed;14/04/2004;09/08/2017
Law passed;19/06/1997;14/05/2020
Law passed;01/03/2013;
Law passed;05/05/2015;
Document released;01/08/2019;
Law passed;01/06/2013;
Law passed;24/01/2011;
Law passed;01/06/2006;
Law passed;09/10/2000;
Law passed;01/07/2016;
Law passed;25/12/2015;
Law passed;01/09/2018;
Approved;01/02/2017;
Approved;01/01/2015;
Law passed;04/12/2013;
Law passed;09/01/2009;
Law passed;12/12/2006;
Law passed;19/12/2011;
Law passed;23/06/2014;01/01/2015
Law passed;19/06/2019;
Law passed;05/07/2013;
Law passed;04/07/2012;31/10/2017
Law passed;04/07/2012;
Law passed;01/12/2019;
Law passed;23/03/2011;
Law passed;29/06/2011;10/09/2018
Law passed;01/01/2010;
Law passed;30/06/2008;
Law passed;30/06/2008;
Law passed;22/06/2007;
Law passed;01/01/2011;
Law passed;28/06/2006;
Document passed;11/04/2017;17/07/2020
Resolution issued;11/02/2020;
Approved;22/01/2015;23/08/2016
Approved;05/10/2012;
Approved;31/12/2013;
Approved;27/10/2016;
Approved;18/08/2016;
Approved;13/07/2009;
Approved;15/08/2014;
Approved;21/11/2012;
Approved;20/06/2012;
Adopted;29/09/2020;
Law passed;25/12/2005;
Law passed;29/10/1995;
Law passed;11/03/2009;
Law passed;01/06/2009;
Law passed;01/03/2012;31/05/2013
Law passed;25/12/2005;
Law passed;28/04/1995;10/04/2008
Law passed;10/04/2008;
Law passed;08/10/2015;
Law passed;18/04/2011;
Law passed;01/12/2010;
Law passed;05/01/2016;
Law passed;01/11/2007;
Law passed;01/05/2008;
Law passed;01/08/2011;
Law passed;01/01/2015;
Law passed;25/12/2015;
Law passed;25/12/2014;
Law passed;01/04/2016;
Law passed;25/12/2016;
Law passed;25/12/2017;
Approved;01/04/2015;
Approved;13/04/2010;
Approved;25/12/2012;
Law passed;03/07/2011;
Law passed;22/09/2011;
Original version;17/03/2003;07/04/2006
Law passed;01/08/2003;
Law passed;19/11/2019;
Law passed;11/06/2018;
Law passed;11/06/2018;
Law passed;25/12/1989;25/12/2001
Law passed;12/12/2019;
Policy released;19/03/2020;
Policy launched;19/03/2020;